doc_id,title,api_name,category_path,source_url,local_path
19,公募基金列表,fund_basic,公募基金,https://tushare.pro/document/2?doc_id=19,公募基金/0019_公募基金列表.md
25,股票基础信息,stock_basic,股票数据 / 基础数据,https://tushare.pro/document/2?doc_id=25,股票数据/基础数据/0025_基础信息.md
26,交易日历,trade_cal,股票数据 / 基础数据,https://tushare.pro/document/2?doc_id=26,股票数据/基础数据/0026_交易日历.md
27,A股日线行情,daily,股票数据 / 行情数据,https://tushare.pro/document/2?doc_id=27,股票数据/行情数据/0027_A股日线行情.md
28,复权因子,adj_factor,股票数据 / 行情数据,https://tushare.pro/document/2?doc_id=28,股票数据/行情数据/0028_复权因子.md
32,每日指标,daily_basic,股票数据 / 行情数据,https://tushare.pro/document/2?doc_id=32,股票数据/行情数据/0032_每日指标.md
33,利润表,income,股票数据 / 财务数据,https://tushare.pro/document/2?doc_id=33,股票数据/财务数据/0033_利润表.md
36,资产负债表,balancesheet,股票数据 / 财务数据,https://tushare.pro/document/2?doc_id=36,股票数据/财务数据/0036_资产负债表.md
44,现金流量表,cashflow,股票数据 / 财务数据,https://tushare.pro/document/2?doc_id=44,股票数据/财务数据/0044_现金流量表.md
45,业绩预告,forecast,股票数据 / 财务数据,https://tushare.pro/document/2?doc_id=45,股票数据/财务数据/0045_业绩预告.md
46,业绩快报,express,股票数据 / 财务数据,https://tushare.pro/document/2?doc_id=46,股票数据/财务数据/0046_业绩快报.md
47,沪深港通资金流向,moneyflow_hsgt,股票数据 / 资金流向数据,https://tushare.pro/document/2?doc_id=47,股票数据/资金流向数据/0047_沪深港通资金流向.md
48,沪深股通十大成交股,hsgt_top10,股票数据 / 行情数据,https://tushare.pro/document/2?doc_id=48,股票数据/行情数据/0048_沪深股通十大成交股.md
49,港股通十大成交股,ggt_top10,股票数据 / 行情数据,https://tushare.pro/document/2?doc_id=49,股票数据/行情数据/0049_港股通十大成交股.md
58,融资融券交易汇总,margin,股票数据 / 两融及转融通,https://tushare.pro/document/2?doc_id=58,股票数据/两融及转融通/0058_融资融券交易汇总.md
59,融资融券交易明细,margin_detail,股票数据 / 两融及转融通,https://tushare.pro/document/2?doc_id=59,股票数据/两融及转融通/0059_融资融券交易明细.md
61,前十大股东,top10_holders,股票数据 / 参考数据,https://tushare.pro/document/2?doc_id=61,股票数据/参考数据/0061_前十大股东.md
62,前十大流通股东,top10_floatholders,股票数据 / 参考数据,https://tushare.pro/document/2?doc_id=62,股票数据/参考数据/0062_前十大流通股东.md
79,财务指标数据,fina_indicator,股票数据 / 财务数据,https://tushare.pro/document/2?doc_id=79,股票数据/财务数据/0079_财务指标数据.md
80,财务审计意见,fina_audit,股票数据 / 财务数据,https://tushare.pro/document/2?doc_id=80,股票数据/财务数据/0080_财务审计意见.md
81,主营业务构成,fina_mainbz,股票数据 / 财务数据,https://tushare.pro/document/2?doc_id=81,股票数据/财务数据/0081_主营业务构成.md
94,指数基本信息,index_basic,指数专题,https://tushare.pro/document/2?doc_id=94,指数专题/0094_指数基本信息.md
95,指数日线行情,index_daily,指数专题,https://tushare.pro/document/2?doc_id=95,指数专题/0095_指数日线行情.md
96,指数成分和权重,index_weight,指数专题,https://tushare.pro/document/2?doc_id=96,指数专题/0096_指数成分和权重.md
100,股票曾用名,namechange,股票数据 / 基础数据,https://tushare.pro/document/2?doc_id=100,股票数据/基础数据/0100_股票曾用名.md
103,分红送股,dividend,股票数据 / 财务数据,https://tushare.pro/document/2?doc_id=103,股票数据/财务数据/0103_分红送股.md
106,龙虎榜每日明细,top_list,股票数据 / 打板专题数据,https://tushare.pro/document/2?doc_id=106,股票数据/打板专题数据/0106_龙虎榜每日明细.md
107,龙虎榜机构明细,top_inst,股票数据 / 打板专题数据,https://tushare.pro/document/2?doc_id=107,股票数据/打板专题数据/0107_龙虎榜机构明细.md
109,通用行情接口,pro_bar,股票数据 / 行情数据,https://tushare.pro/document/2?doc_id=109,股票数据/行情数据/0109_通用行情接口.md
110,股权质押统计数据,pledge_stat,股票数据 / 参考数据,https://tushare.pro/document/2?doc_id=110,股票数据/参考数据/0110_股权质押统计数据.md
111,股权质押明细,pledge_detail,股票数据 / 参考数据,https://tushare.pro/document/2?doc_id=111,股票数据/参考数据/0111_股权质押明细.md
112,上市公司基本信息,stock_company,股票数据 / 基础数据,https://tushare.pro/document/2?doc_id=112,股票数据/基础数据/0112_上市公司基本信息.md
118,公募基金公司,fund_company,公募基金,https://tushare.pro/document/2?doc_id=118,公募基金/0118_公募基金公司.md
119,公募基金净值,fund_nav,公募基金,https://tushare.pro/document/2?doc_id=119,公募基金/0119_公募基金净值.md
120,公募基金分红,fund_div,公募基金,https://tushare.pro/document/2?doc_id=120,公募基金/0120_公募基金分红.md
121,公募基金持仓数据,fund_portfolio,公募基金,https://tushare.pro/document/2?doc_id=121,公募基金/0121_公募基金持仓数据.md
123,IPO新股列表,new_share,股票数据 / 基础数据,https://tushare.pro/document/2?doc_id=123,股票数据/基础数据/0123_IPO新股列表.md
124,股票回购,repurchase,股票数据 / 参考数据,https://tushare.pro/document/2?doc_id=124,股票数据/参考数据/0124_股票回购.md
127,ETF日线行情,fund_daily,ETF专题,https://tushare.pro/document/2?doc_id=127,ETF专题/0127_ETF日线行情.md
128,大盘指数每日指标,index_dailybasic,指数专题,https://tushare.pro/document/2?doc_id=128,指数专题/0128_大盘指数每日指标.md
135,期货合约信息表,fut_basic,期货数据,https://tushare.pro/document/2?doc_id=135,期货数据/0135_期货合约信息表.md
137,交易日历,trade_cal,期货数据,https://tushare.pro/document/2?doc_id=137,期货数据/0137_交易日历.md
138,期货日线行情,fut_daily,期货数据,https://tushare.pro/document/2?doc_id=138,期货数据/0138_期货日线行情.md
139,每日成交持仓排名,fut_holding,期货数据,https://tushare.pro/document/2?doc_id=139,期货数据/0139_每日成交持仓排名.md
140,仓单日报,fut_wsr,期货数据,https://tushare.pro/document/2?doc_id=140,期货数据/0140_仓单日报.md
141,结算参数,fut_settle,期货数据,https://tushare.pro/document/2?doc_id=141,期货数据/0141_结算参数.md
143,新闻快讯,news,大模型语料专题数据,https://tushare.pro/document/2?doc_id=143,大模型语料专题数据/0143_新闻快讯.md
144,周线行情,weekly,股票数据 / 行情数据,https://tushare.pro/document/2?doc_id=144,股票数据/行情数据/0144_周线行情.md
145,月线行情,monthly,股票数据 / 行情数据,https://tushare.pro/document/2?doc_id=145,股票数据/行情数据/0145_月线行情.md
146,A股复权行情,pro_bar,股票数据 / 行情数据,https://tushare.pro/document/2?doc_id=146,股票数据/行情数据/0146_A股复权行情.md
154,新闻联播,cctv_news,大模型语料专题数据,https://tushare.pro/document/2?doc_id=154,大模型语料专题数据/0154_新闻联播.md
155,南华期货指数日线行情,index_daily,期货数据,https://tushare.pro/document/2?doc_id=155,期货数据/0155_南华期货指数日线行情.md
160,限售股解禁,share_float,股票数据 / 参考数据,https://tushare.pro/document/2?doc_id=160,股票数据/参考数据/0160_限售股解禁.md
161,大宗交易,block_trade,股票数据 / 参考数据,https://tushare.pro/document/2?doc_id=161,股票数据/参考数据/0161_大宗交易.md
162,财报披露计划,disclosure_date,股票数据 / 财务数据,https://tushare.pro/document/2?doc_id=162,股票数据/财务数据/0162_财报披露计划.md
164,股票账户开户数据,stk_account,股票数据 / 参考数据,https://tushare.pro/document/2?doc_id=164,股票数据/参考数据/0164_股票账户开户数据.md
165,股票账户开户数据（旧）,stk_account_old,股票数据 / 参考数据,https://tushare.pro/document/2?doc_id=165,股票数据/参考数据/0165_股票账户开户数据（旧）.md
166,股东人数,stk_holdernumber,股票数据 / 参考数据,https://tushare.pro/document/2?doc_id=166,股票数据/参考数据/0166_股东人数.md
170,个股资金流向,moneyflow,股票数据 / 资金流向数据,https://tushare.pro/document/2?doc_id=170,股票数据/资金流向数据/0170_个股资金流向.md
171,指数周线行情,index_weekly,指数专题,https://tushare.pro/document/2?doc_id=171,指数专题/0171_指数周线行情.md
172,指数月线行情,index_monthly,指数专题,https://tushare.pro/document/2?doc_id=172,指数专题/0172_指数月线行情.md
175,股东增减持,stk_holdertrade,股票数据 / 参考数据,https://tushare.pro/document/2?doc_id=175,股票数据/参考数据/0175_股东增减持.md
176,上市公司全量公告,anns_d,大模型语料专题数据,https://tushare.pro/document/2?doc_id=176,大模型语料专题数据/0176_上市公司全量公告.md
181,申万行业分类,index_classify,指数专题,https://tushare.pro/document/2?doc_id=181,指数专题/0181_申万行业分类.md
183,每日涨跌停价格,stk_limit,股票数据 / 行情数据,https://tushare.pro/document/2?doc_id=183,股票数据/行情数据/0183_每日涨跌停价格.md
185,可转债基本信息,cb_basic,债券专题,https://tushare.pro/document/2?doc_id=185,债券专题/0185_可转债基本信息.md
186,可转债发行,cb_issue,债券专题,https://tushare.pro/document/2?doc_id=186,债券专题/0186_可转债发行.md
187,可转债行情,cb_daily,债券专题,https://tushare.pro/document/2?doc_id=187,债券专题/0187_可转债行情.md
188,沪深港股通持股明细,hk_hold,股票数据 / 特色数据,https://tushare.pro/document/2?doc_id=188,股票数据/特色数据/0188_沪深港股通持股明细.md
189,期货主力与连续合约,fut_mapping,期货数据,https://tushare.pro/document/2?doc_id=189,期货数据/0189_期货主力与连续合约.md
191,港股列表,hk_basic,港股数据,https://tushare.pro/document/2?doc_id=191,港股数据/0191_港股列表.md
192,港股行情,hk_daily,港股数据,https://tushare.pro/document/2?doc_id=192,港股数据/0192_港股行情.md
193,上市公司管理层,stk_managers,股票数据 / 基础数据,https://tushare.pro/document/2?doc_id=193,股票数据/基础数据/0193_上市公司管理层.md
194,管理层薪酬和持股,stk_rewards,股票数据 / 基础数据,https://tushare.pro/document/2?doc_id=194,股票数据/基础数据/0194_管理层薪酬和持股.md
195,新闻通讯,major_news,大模型语料专题数据,https://tushare.pro/document/2?doc_id=195,大模型语料专题数据/0195_新闻通讯.md
196,港股通每日成交统计,ggt_daily,股票数据 / 行情数据,https://tushare.pro/document/2?doc_id=196,股票数据/行情数据/0196_港股通每日成交统计.md
197,港股通每月成交统计,ggt_monthly,股票数据 / 行情数据,https://tushare.pro/document/2?doc_id=197,股票数据/行情数据/0197_港股通每月成交统计.md
199,基金复权因子,fund_adj,ETF专题,https://tushare.pro/document/2?doc_id=199,ETF专题/0199_基金复权因子.md
201,国债收益率曲线,yc_cb,债券专题,https://tushare.pro/document/2?doc_id=201,债券专题/0201_国债收益率曲线.md
207,基金规模数据,fund_share,公募基金,https://tushare.pro/document/2?doc_id=207,公募基金/0207_基金规模数据.md
208,基金经理,fund_manager,公募基金,https://tushare.pro/document/2?doc_id=208,公募基金/0208_基金经理.md
211,国际指数,index_global,指数专题,https://tushare.pro/document/2?doc_id=211,指数专题/0211_国际指数.md
214,每日停复牌信息,suspend_d,股票数据 / 行情数据,https://tushare.pro/document/2?doc_id=214,股票数据/行情数据/0214_每日停复牌信息.md
215,市场交易统计,daily_info,指数专题,https://tushare.pro/document/2?doc_id=215,指数专题/0215_市场交易统计.md
216,期货主要品种交易周报,fut_weekly_detail,期货数据,https://tushare.pro/document/2?doc_id=216,期货数据/0216_期货主要品种交易周报.md
233,财经日历,eco_cal,债券专题,https://tushare.pro/document/2?doc_id=233,债券专题/0233_财经日历.md
246,可转债转股价变动,cb_price_chg,债券专题,https://tushare.pro/document/2?doc_id=246,债券专题/0246_可转债转股价变动.md
247,可转债转股结果,cb_share,债券专题,https://tushare.pro/document/2?doc_id=247,债券专题/0247_可转债转股结果.md
250,港股交易日历,hk_tradecal,港股数据,https://tushare.pro/document/2?doc_id=250,港股数据/0250_港股交易日历.md
252,美股列表,us_basic,美股数据,https://tushare.pro/document/2?doc_id=252,美股数据/0252_美股列表.md
253,美股交易日历,us_tradecal,美股数据,https://tushare.pro/document/2?doc_id=253,美股数据/0253_美股交易日历.md
254,美股行情,us_daily,美股数据,https://tushare.pro/document/2?doc_id=254,美股数据/0254_美股行情.md
255,备用行情,bak_daily,股票数据 / 行情数据,https://tushare.pro/document/2?doc_id=255,股票数据/行情数据/0255_备用行情.md
256,债券回购日行情,repo_daily,债券专题,https://tushare.pro/document/2?doc_id=256,债券专题/0256_债券回购日行情.md
259,同花顺概念和行业指数,ths_index,股票数据 / 打板专题数据,https://tushare.pro/document/2?doc_id=259,股票数据/打板专题数据/0259_同花顺概念和行业指数.md
260,同花顺板块指数行情,ths_daily,股票数据 / 打板专题数据,https://tushare.pro/document/2?doc_id=260,股票数据/打板专题数据/0260_同花顺板块指数行情.md
261,同花顺概念板块成分,ths_member,股票数据 / 打板专题数据,https://tushare.pro/document/2?doc_id=261,股票数据/打板专题数据/0261_同花顺概念板块成分.md
262,股票历史列表（历史每天股票列表）,bak_basic,股票数据 / 基础数据,https://tushare.pro/document/2?doc_id=262,股票数据/基础数据/0262_股票历史列表（历史每天股票列表）.md
267,券商每月荐股,broker_recommend,股票数据 / 特色数据,https://tushare.pro/document/2?doc_id=267,股票数据/特色数据/0267_券商每月荐股.md
268,深圳市场每日交易概况,sz_daily_info,指数专题,https://tushare.pro/document/2?doc_id=268,指数专题/0268_深圳市场每日交易概况.md
269,可转债赎回信息,cb_call,债券专题,https://tushare.pro/document/2?doc_id=269,债券专题/0269_可转债赎回信息.md
271,债券大宗交易,bond_blk,债券专题,https://tushare.pro/document/2?doc_id=271,债券专题/0271_债券大宗交易.md
272,大宗交易明细,bond_blk_detail,债券专题,https://tushare.pro/document/2?doc_id=272,债券专题/0272_大宗交易明细.md
274,中央结算系统持股明细,ccass_hold_detail,股票数据 / 特色数据,https://tushare.pro/document/2?doc_id=274,股票数据/特色数据/0274_中央结算系统持股明细.md
275,机构调研表,stk_surv,股票数据 / 特色数据,https://tushare.pro/document/2?doc_id=275,股票数据/特色数据/0275_机构调研表.md
292,卖方盈利预测数据,report_rc,股票数据 / 特色数据,https://tushare.pro/document/2?doc_id=292,股票数据/特色数据/0292_卖方盈利预测数据.md
293,每日筹码及胜率,cyq_perf,股票数据 / 特色数据,https://tushare.pro/document/2?doc_id=293,股票数据/特色数据/0293_每日筹码及胜率.md
294,每日筹码分布,cyq_chips,股票数据 / 特色数据,https://tushare.pro/document/2?doc_id=294,股票数据/特色数据/0294_每日筹码分布.md
295,中央结算系统持股汇总,ccass_hold,股票数据 / 特色数据,https://tushare.pro/document/2?doc_id=295,股票数据/特色数据/0295_中央结算系统持股汇总.md
298,涨跌停列表（新）,limit_list_d,股票数据 / 打板专题数据,https://tushare.pro/document/2?doc_id=298,股票数据/打板专题数据/0298_涨跌停列表（新）.md
304,港股分钟行情,hk_mins,港股数据,https://tushare.pro/document/2?doc_id=304,港股数据/0304_港股分钟行情.md
305,可转债票面利率,cb_rate,债券专题,https://tushare.pro/document/2?doc_id=305,债券专题/0305_可转债票面利率.md
308,中信行业指数行情,ci_daily,指数专题,https://tushare.pro/document/2?doc_id=308,指数专题/0308_中信行业指数行情.md
311,游资名录,hm_list,股票数据 / 打板专题数据,https://tushare.pro/document/2?doc_id=311,股票数据/打板专题数据/0311_游资名录.md
312,游资每日明细,hm_detail,股票数据 / 打板专题数据,https://tushare.pro/document/2?doc_id=312,股票数据/打板专题数据/0312_游资每日明细.md
313,期货历史分钟行情,ft_mins,期货数据,https://tushare.pro/document/2?doc_id=313,期货数据/0313_期货历史分钟行情.md
314,期货Tick行情数据,,期货数据,https://tushare.pro/document/2?doc_id=314,期货数据/0314_期货Tick行情数据.md
315,实时盘口TICK快照(爬虫版),realtime_quote,股票数据 / 行情数据,https://tushare.pro/document/2?doc_id=315,股票数据/行情数据/0315_实时盘口TICK快照(爬虫版).md
316,实时成交数据(爬虫版),realtime_tick,股票数据 / 行情数据,https://tushare.pro/document/2?doc_id=316,股票数据/行情数据/0316_实时成交数据(爬虫版).md
317,实时涨跌幅排名(爬虫版),realtime_list,股票数据 / 行情数据,https://tushare.pro/document/2?doc_id=317,股票数据/行情数据/0317_实时涨跌幅排名(爬虫版).md
320,同花顺热榜,ths_hot,股票数据 / 打板专题数据,https://tushare.pro/document/2?doc_id=320,股票数据/打板专题数据/0320_同花顺热榜.md
321,东方财富热榜,dc_hot,股票数据 / 打板专题数据,https://tushare.pro/document/2?doc_id=321,股票数据/打板专题数据/0321_东方财富热榜.md
322,柜台流通式债券报价,bc_otcqt,债券专题,https://tushare.pro/document/2?doc_id=322,债券专题/0322_柜台流通式债券报价.md
323,柜台流通式债券最优报价,bc_bestotcqt,债券专题,https://tushare.pro/document/2?doc_id=323,债券专题/0323_柜台流通式债券最优报价.md
326,融资融券标的（盘前更新）,margin_secs,股票数据 / 两融及转融通,https://tushare.pro/document/2?doc_id=326,股票数据/两融及转融通/0326_融资融券标的（盘前更新）.md
327,申万行业日线行情,sw_daily,指数专题,https://tushare.pro/document/2?doc_id=327,指数专题/0327_申万行业日线行情.md
328,股票技术面因子(专业版),stk_factor_pro,股票数据 / 特色数据,https://tushare.pro/document/2?doc_id=328,股票数据/特色数据/0328_股票技术面因子(专业版).md
329,股本情况（盘前）,stk_premarket,股票数据 / 基础数据,https://tushare.pro/document/2?doc_id=329,股票数据/基础数据/0329_股本情况（盘前）.md
331,转融资交易汇总,slb_len,股票数据 / 两融及转融通,https://tushare.pro/document/2?doc_id=331,股票数据/两融及转融通/0331_转融资交易汇总.md
332,转融券交易汇总,slb_sec,股票数据 / 两融及转融通,https://tushare.pro/document/2?doc_id=332,股票数据/两融及转融通/0332_转融券交易汇总.md
333,转融券交易明细,slb_sec_detail,股票数据 / 两融及转融通,https://tushare.pro/document/2?doc_id=333,股票数据/两融及转融通/0333_转融券交易明细.md
334,做市借券交易汇总,slb_len_mm,股票数据 / 两融及转融通,https://tushare.pro/document/2?doc_id=334,股票数据/两融及转融通/0334_做市借券交易汇总.md
335,申万行业成分构成(分级),index_member_all,指数专题,https://tushare.pro/document/2?doc_id=335,指数专题/0335_申万行业成分构成(分级).md
336,股票周/月线行情(每日更新),stk_weekly_monthly,股票数据 / 行情数据,https://tushare.pro/document/2?doc_id=336,股票数据/行情数据/0336_股票周_月线行情(每日更新).md
337,期货周/月线行情(每日更新),fut_weekly_monthly,期货数据,https://tushare.pro/document/2?doc_id=337,期货数据/0337_期货周_月线行情(每日更新).md
338,美股复权行情,us_daily_adj,美股数据,https://tushare.pro/document/2?doc_id=338,美股数据/0338_美股复权行情.md
339,港股复权行情,hk_daily_adj,港股数据,https://tushare.pro/document/2?doc_id=339,港股数据/0339_港股复权行情.md
340,期货实时分钟行情,rt_fut_min,期货数据,https://tushare.pro/document/2?doc_id=340,期货数据/0340_期货实时分钟行情.md
343,同花顺行业资金流向（THS）,moneyflow_ind_ths,股票数据 / 资金流向数据,https://tushare.pro/document/2?doc_id=343,股票数据/资金流向数据/0343_同花顺行业资金流向（THS）.md
344,东财概念及行业板块资金流向（DC）,moneyflow_ind_dc,股票数据 / 资金流向数据,https://tushare.pro/document/2?doc_id=344,股票数据/资金流向数据/0344_东财概念及行业板块资金流向（DC）.md
345,大盘资金流向（DC）,moneyflow_mkt_dc,股票数据 / 资金流向数据,https://tushare.pro/document/2?doc_id=345,股票数据/资金流向数据/0345_大盘资金流向（DC）.md
347,开盘啦榜单数据,kpl_list,股票数据 / 打板专题数据,https://tushare.pro/document/2?doc_id=347,股票数据/打板专题数据/0347_开盘啦榜单数据.md
348,个股资金流向（THS）,moneyflow_ths,股票数据 / 资金流向数据,https://tushare.pro/document/2?doc_id=348,股票数据/资金流向数据/0348_个股资金流向（THS）.md
349,个股资金流向（DC）,moneyflow_dc,股票数据 / 资金流向数据,https://tushare.pro/document/2?doc_id=349,股票数据/资金流向数据/0349_个股资金流向（DC）.md
351,开盘啦题材成分,kpl_concept_cons,股票数据 / 打板专题数据,https://tushare.pro/document/2?doc_id=351,股票数据/打板专题数据/0351_开盘啦题材成分.md
353,股票开盘集合竞价数据,stk_auction_o,股票数据 / 特色数据,https://tushare.pro/document/2?doc_id=353,股票数据/特色数据/0353_股票开盘集合竞价数据.md
354,股票收盘集合竞价数据,stk_auction_c,股票数据 / 特色数据,https://tushare.pro/document/2?doc_id=354,股票数据/特色数据/0354_股票收盘集合竞价数据.md
355,涨跌停榜单（同花顺）,limit_list_ths,股票数据 / 打板专题数据,https://tushare.pro/document/2?doc_id=355,股票数据/打板专题数据/0355_涨跌停榜单（同花顺）.md
356,连板天梯,limit_step,股票数据 / 打板专题数据,https://tushare.pro/document/2?doc_id=356,股票数据/打板专题数据/0356_连板天梯.md
357,最强板块统计,limit_cpt_list,股票数据 / 打板专题数据,https://tushare.pro/document/2?doc_id=357,股票数据/打板专题数据/0357_最强板块统计.md
358,指数技术因子(专业版),idx_factor_pro,指数专题,https://tushare.pro/document/2?doc_id=358,指数专题/0358_指数技术因子(专业版).md
359,场内基金技术因子(专业版),fund_factor_pro,公募基金,https://tushare.pro/document/2?doc_id=359,公募基金/0359_场内基金技术因子(专业版).md
362,东方财富概念板块,dc_index,股票数据 / 打板专题数据,https://tushare.pro/document/2?doc_id=362,股票数据/打板专题数据/0362_东方财富概念板块.md
363,东方财富板块成分,dc_member,股票数据 / 打板专题数据,https://tushare.pro/document/2?doc_id=363,股票数据/打板专题数据/0363_东方财富板块成分.md
364,神奇九转指标,stk_nineturn,股票数据 / 特色数据,https://tushare.pro/document/2?doc_id=364,股票数据/特色数据/0364_神奇九转指标.md
365,股票周/月线行情(复权--每日更新),stk_week_month_adj,股票数据 / 行情数据,https://tushare.pro/document/2?doc_id=365,股票数据/行情数据/0365_股票周_月线行情(复权--每日更新).md
366,上证E互动,irm_qa_sh,大模型语料专题数据,https://tushare.pro/document/2?doc_id=366,大模型语料专题数据/0366_上证E互动.md
367,深证互动易,irm_qa_sz,大模型语料专题数据,https://tushare.pro/document/2?doc_id=367,大模型语料专题数据/0367_深证互动易.md
368,期货合约涨跌停价格（盘前）,ft_limit,期货数据,https://tushare.pro/document/2?doc_id=368,期货数据/0368_期货合约涨跌停价格（盘前）.md
369,当日集合竞价,stk_auction,股票数据 / 打板专题数据,https://tushare.pro/document/2?doc_id=369,股票数据/打板专题数据/0369_当日集合竞价.md
370,股票历史分钟行情,stk_mins,股票数据 / 行情数据,https://tushare.pro/document/2?doc_id=370,股票数据/行情数据/0370_股票历史分钟行情.md
371,同花顺概念板块资金流向（THS）,moneyflow_cnt_ths,股票数据 / 资金流向数据,https://tushare.pro/document/2?doc_id=371,股票数据/资金流向数据/0371_同花顺概念板块资金流向（THS）.md
372,A股实时日线,rt_k,股票数据 / 行情数据,https://tushare.pro/document/2?doc_id=372,股票数据/行情数据/0372_A股实时日线.md
373,中信行业成分,ci_index_member,指数专题,https://tushare.pro/document/2?doc_id=373,指数专题/0373_中信行业成分.md
374,A股实时分钟,rt_min,股票数据 / 行情数据,https://tushare.pro/document/2?doc_id=374,股票数据/行情数据/0374_A股实时分钟.md
375,北交所新旧代码对照表,bse_mapping,股票数据 / 基础数据,https://tushare.pro/document/2?doc_id=375,股票数据/基础数据/0375_北交所新旧代码对照表.md
376,通达信板块信息,tdx_index,股票数据 / 打板专题数据,https://tushare.pro/document/2?doc_id=376,股票数据/打板专题数据/0376_通达信板块信息.md
377,通达信板块成分,tdx_member,股票数据 / 打板专题数据,https://tushare.pro/document/2?doc_id=377,股票数据/打板专题数据/0377_通达信板块成分.md
378,通达信板块行情,tdx_daily,股票数据 / 打板专题数据,https://tushare.pro/document/2?doc_id=378,股票数据/打板专题数据/0378_通达信板块行情.md
382,东财概念板块行情,dc_daily,股票数据 / 打板专题数据,https://tushare.pro/document/2?doc_id=382,股票数据/打板专题数据/0382_东财概念板块行情.md
383,港股实时日线,rt_hk_k,港股数据,https://tushare.pro/document/2?doc_id=383,港股数据/0383_港股实时日线.md
385,ETF基础信息,etf_basic,ETF专题,https://tushare.pro/document/2?doc_id=385,ETF专题/0385_ETF基础信息.md
386,ETF基准指数列表,etf_index,ETF专题,https://tushare.pro/document/2?doc_id=386,ETF专题/0386_ETF基准指数列表.md
387,ETF历史分钟行情,stk_mins,ETF专题,https://tushare.pro/document/2?doc_id=387,ETF专题/0387_ETF历史分钟行情.md
388,港股财务指标数据,hk_fina_indicator,港股数据,https://tushare.pro/document/2?doc_id=388,港股数据/0388_港股财务指标数据.md
389,港股利润表,hk_income,港股数据,https://tushare.pro/document/2?doc_id=389,港股数据/0389_港股利润表.md
390,港股资产负债表,hk_balancesheet,港股数据,https://tushare.pro/document/2?doc_id=390,港股数据/0390_港股资产负债表.md
391,港股现金流量表,hk_cashflow,港股数据,https://tushare.pro/document/2?doc_id=391,港股数据/0391_港股现金流量表.md
392,可转债技术因子(专业版),cb_factor_pro,债券专题,https://tushare.pro/document/2?doc_id=392,债券专题/0392_可转债技术因子(专业版).md
393,美股财务指标数据,us_fina_indicator,美股数据,https://tushare.pro/document/2?doc_id=393,美股数据/0393_美股财务指标数据.md
394,美股利润表,us_income,美股数据,https://tushare.pro/document/2?doc_id=394,美股数据/0394_美股利润表.md
395,美股资产负债表,us_balancesheet,美股数据,https://tushare.pro/document/2?doc_id=395,美股数据/0395_美股资产负债表.md
396,美股现金流量表,us_cashflow,美股数据,https://tushare.pro/document/2?doc_id=396,美股数据/0396_美股现金流量表.md
397,ST股票列表,stock_st,股票数据 / 基础数据,https://tushare.pro/document/2?doc_id=397,股票数据/基础数据/0397_ST股票列表.md
398,沪深港通股票列表,stock_hsgt,股票数据 / 基础数据,https://tushare.pro/document/2?doc_id=398,股票数据/基础数据/0398_沪深港通股票列表.md
399,AH股比价,stk_ah_comparison,股票数据 / 特色数据,https://tushare.pro/document/2?doc_id=399,股票数据/特色数据/0399_AH股比价.md
400,ETF实时日线,rt_etf_k,ETF专题,https://tushare.pro/document/2?doc_id=400,ETF专题/0400_ETF实时日线.md
401,港股复权因子,hk_adjfactor,港股数据,https://tushare.pro/document/2?doc_id=401,港股数据/0401_港股复权因子.md
402,美股复权因子,us_adjfactor,美股数据,https://tushare.pro/document/2?doc_id=402,美股数据/0402_美股复权因子.md
403,交易所指数实时日线,rt_idx_k,指数专题,https://tushare.pro/document/2?doc_id=403,指数专题/0403_交易所指数实时日线.md
406,国家政策法规库,npr,大模型语料专题数据,https://tushare.pro/document/2?doc_id=406,大模型语料专题数据/0406_国家政策法规库.md
408,ETF份额规模,etf_share_size,ETF专题,https://tushare.pro/document/2?doc_id=408,ETF专题/0408_ETF份额规模.md
415,券商研究报告,research_report,大模型语料专题数据,https://tushare.pro/document/2?doc_id=415,大模型语料专题数据/0415_券商研究报告.md
416,ETF实时分钟,rt_min,ETF专题,https://tushare.pro/document/2?doc_id=416,ETF专题/0416_ETF实时分钟.md
417,申万实时行情,rt_sw_k,指数专题,https://tushare.pro/document/2?doc_id=417,指数专题/0417_申万实时行情.md
419,股票历史分钟行情,idx_mins,指数专题,https://tushare.pro/document/2?doc_id=419,指数专题/0419_股票历史分钟行情.md
420,A股实时分钟,rt_idx_min,指数专题,https://tushare.pro/document/2?doc_id=420,指数专题/0420_A股实时分钟.md
421,东方财富题材库,dc_concept,股票数据 / 打板专题数据,https://tushare.pro/document/2?doc_id=421,股票数据/打板专题数据/0421_东方财富题材库.md
422,东方财富题材成分,dc_concept_cons,股票数据 / 打板专题数据,https://tushare.pro/document/2?doc_id=422,股票数据/打板专题数据/0422_东方财富题材成分.md
423,ST风险警示板股票,st,股票数据 / 基础数据,https://tushare.pro/document/2?doc_id=423,股票数据/基础数据/0423_ST风险警示板股票.md
451,个股异常波动,stk_shock,股票数据 / 参考数据,https://tushare.pro/document/2?doc_id=451,股票数据/参考数据/0451_个股异常波动.md
452,个股严重异常波动,stk_high_shock,股票数据 / 参考数据,https://tushare.pro/document/2?doc_id=452,股票数据/参考数据/0452_个股严重异常波动.md
453,交易所重点提示证券,stk_alert,股票数据 / 参考数据,https://tushare.pro/document/2?doc_id=453,股票数据/参考数据/0453_交易所重点提示证券.md
454,ETF实时参考,rt_etf_sz_iopv,ETF专题,https://tushare.pro/document/2?doc_id=454,ETF专题/0454_ETF实时参考.md
457,A股实时分钟-日累计,rt_min_daily,股票数据 / 行情数据,https://tushare.pro/document/2?doc_id=457,股票数据/行情数据/0457_A股实时分钟-日累计.md
458,获取可转债评级历史记录,cb_rating,债券专题,https://tushare.pro/document/2?doc_id=458,债券专题/0458_获取可转债评级历史记录.md
459,可转债十大持有人,top10_cb_holders,债券专题,https://tushare.pro/document/2?doc_id=459,债券专题/0459_可转债十大持有人.md
